#SampleID	Read 1	Read2	Name	Bardcode_53	Barcode_reverse	Location
100	100_S41_L001_R1_001.fastq	100_S41_L001_R2_001.fastq	TAY44	TCCCTTGTCTCC	GGAGACAAGGGA	Antarctica_Taylor
101	101_S42_L001_R1_001.fastq	101_S42_L001_R2_001.fastq	TAY45	ACGAGACTGATT	AATCAGTCTCGT	Antarctica_Taylor
102	102_S43_L001_R1_001.fastq	102_S43_L001_R2_001.fastq	Dub1	GCTGTACGGATT	AATCCGTACAGC	Antarctica_Duboisbreen
103	103_S44_L001_R1_001.fastq	103_S44_L001_R2_001.fastq	Dub2	ATCACCAGGTGT	ACACCTGGTGAT	Antarctica_Duboisbreen
104	104_S45_L001_R1_001.fastq	104_S45_L001_R2_001.fastq	DGC4	TGGTCAACGATA	TATCGTTGACCA	Antarctica_Diamond
106	106_S46_L001_R1_001.fastq	106_S46_L001_R2_001.fastq	SvD	ATCGCACAGTAA	TTACTGTGCGAT	Svalbard
107	107_S47_L001_R1_001.fastq	107_S47_L001_R2_001.fastq	SvE	GTCGTGTAGCCT	AGGCTACACGAC	Svalbard
108	108_S48_L001_R1_001.fastq	108_S48_L001_R2_001.fastq	DGC1	AGCGGAGGTTAG	CTAACCTCCGCT	Antarctica_Diamond
109	109_S49_L001_R1_001.fastq	109_S49_L001_R2_001.fastq	LWC1	ATCCTTTGGTTC	GAACCAAAGGAT	Antarctica_Lower_Wright
110	110_S50_L001_R1_001.fastq	110_S50_L001_R2_001.fastq	LWC2	TACAGCGCATAC	GTATGCGCTGTA	Antarctica_Lower_Wright
111	111_S51_L001_R1_001.fastq	111_S51_L001_R2_001.fastq	KSC24	ACCGGTATGTAC	GTACATACCGGT	Antarctica_Koettlitz
112	112_S52_L001_R1_001.fastq	112_S52_L001_R2_001.fastq	LWC3	AATTGTGTCGGA	TCCGACACAATT	Antarctica_Lower_Wright
113	113_S53_L001_R1_001.fastq	113_S53_L001_R2_001.fastq	LWC4	TGCATACACTGG	CCAGTGTATGCA	Antarctica_Lower_Wright
114	114_S54_L001_R1_001.fastq	114_S54_L001_R2_001.fastq	KSC13	ACCAGTGACTCA	TGAGTCACTGGT	Antarctica_Koettlitz
115	115_S55_L001_R1_001.fastq	115_S55_L001_R2_001.fastq	KSC14	GAATACCAAGTC	GACTTGGTATTC	Antarctica_Koettlitz
116	116_S56_L001_R1_001.fastq	116_S56_L001_R2_001.fastq	KSC16	GTAGATCGTGTA	TACACGATCTAC	Antarctica_Koettlitz
117	117_S57_L001_R1_001.fastq	117_S57_L001_R2_001.fastq	KSC17	CATTATGGCGTG	CACGCCATAATG	Antarctica_Koettlitz
118	118_S58_L001_R1_001.fastq	118_S58_L001_R2_001.fastq	KSC23	CCAATACGCCTG	CAGGCGTATTGG	Antarctica_Koettlitz
119	119_S59_L001_R1_001.fastq	119_S59_L001_R2_001.fastq	KSC27	GATCTGCGATCC	GGATCGCAGATC	Antarctica_Koettlitz
120	120_S60_L001_R1_001.fastq	120_S60_L001_R2_001.fastq	LKGC1	CAGCTCATCAGC	GCTGATGAGCTG	Antarctica_Lower_Koettlitz
121	121_S61_L001_R1_001.fastq	121_S61_L001_R2_001.fastq	LKGC2	CAAACAACAGCT	AGCTGTTGTTTG	Antarctica_Lower_Koettlitz
122	122_S62_L001_R1_001.fastq	122_S62_L001_R2_001.fastq	LKGC3	GCAACACCATCC	GGATGGTGTTGC	Antarctica_Lower_Koettlitz
123	123_S63_L001_R1_001.fastq	123_S63_L001_R2_001.fastq	LKGC4	GCGATATATCGC	GCGATATATCGC	Antarctica_Lower_Koettlitz
124	124_S64_L001_R1_001.fastq	124_S64_L001_R2_001.fastq	LKGC5	CGAGCAATCCTA	TAGGATTGCTCG	Antarctica_Lower_Koettlitz
125	125_S65_L001_R1_001.fastq	125_S65_L001_R2_001.fastq	LWC5	AGTCGTGCACAT	ATGTGCACGACT	Antarctica_Lower_Wright
126	126_S66_L001_R1_001.fastq	126_S66_L001_R2_001.fastq	LWC6	CGAGGGAAAGTC	GACTTTCCCTCG	Antarctica_Lower_Wright
127	127_S67_L001_R1_001.fastq	127_S67_L001_R2_001.fastq	MVC4	CAAATTCGGGAT	ATCCCGAATTTG	Antarctica_Miers
128	128_S68_L001_R1_001.fastq	128_S68_L001_R2_001.fastq	MVC5	AGATTGACCAAC	GTTGGTCAATCT	Antarctica_Miers
129	129_S69_L001_R1_001.fastq	129_S69_L001_R2_001.fastq	MVC6	AGTTACGAGCTA	TAGCTCGTAACT	Antarctica_Miers
201	201_S70_L001_R1_001.fastq	201_S70_L001_R2_001.fastq	UWC2	GCATATGCACTG	CAGTGCATATGC	Antarctica_Upper_Wright
202	202_S71_L001_R1_001.fastq	202_S71_L001_R2_001.fastq	UWC3	CAACTCCCGTGA	TCACGGGAGTTG	Antarctica_Upper_Wright
203	203_S72_L001_R1_001.fastq	203_S72_L001_R2_001.fastq	UWC4	TTGCGTTAGCAG	CTGCTAACGCAA	Antarctica_Upper_Wright
204	204_S73_L001_R1_001.fastq	204_S73_L001_R2_001.fastq	UWC5	TACGAGCCCTAA	TTAGGGCTCGTA	Antarctica_Upper_Wright
205	205_S74_L001_R1_001.fastq	205_S74_L001_R2_001.fastq	UWC6	CACTACGCTAGA	TCTAGCGTAGTG	Antarctica_Upper_Wright
206	206_S75_L001_R1_001.fastq	206_S75_L001_R2_001.fastq	UWC7A	TGCAGTCCTCGA	TCGAGGACTGCA	Antarctica_Upper_Wright
207	207_S76_L001_R1_001.fastq	207_S76_L001_R2_001.fastq	UWC7C	ACCATAGCTCCG	CGGAGCTATGGT	Antarctica_Upper_Wright
209	209_S77_L001_R1_001.fastq	209_S77_L001_R2_001.fastq	MVC7	TCGACATCTCTT	AAGAGATGTCGA	Antarctica_Miers
210	210_S78_L001_R1_001.fastq	210_S78_L001_R2_001.fastq	MVCS3	GAACACTTTGGA	TCCAAAGTGTTC	Antarctica_Miers
211	211_S79_L001_R1_001.fastq	211_S79_L001_R2_001.fastq	IC1	GAGCCATCTGTA	TACAGATGGCTC	Core
212	212_S80_L001_R1_001.fastq	212_S80_L001_R2_001.fastq	IC2	AAGGCGCTCCTT	AAGGAGCGCCTT	Core
213	213_S81_L001_R1_001.fastq	213_S81_L001_R2_001.fastq	IC3	TAATACGGATCG	CGATCCGTATTA	Core
215	215_S82_L001_R1_001.fastq	215_S82_L001_R2_001.fastq	Ust4	TCGGAATTAGAC	GTCTAATTCCGA	Antarctica_Usteinen
217	217_S83_L001_R1_001.fastq	217_S83_L001_R2_001.fastq	KSC30	TGTGAATTCGGA	TCCGAATTCACA	Antarctica_Koettlitz
218	218_S84_L001_R1_001.fastq	218_S84_L001_R2_001.fastq	KSC33	CATTCGTGGCGT	ACGCCACGAATG	Antarctica_Koettlitz
219	219_S85_L001_R1_001.fastq	219_S85_L001_R2_001.fastq	NegCtrl	GGCCAGTTCCTA	TAGGAACTGGCC	None
60	60_S1_L001_R1_001.fastq	60_S1_L001_R2_001.fastq	CAN81	CTATCTCCTGTC	GACAGGAGATAG	Antarctica_Canada
61	61_S2_L001_R1_001.fastq	61_S2_L001_R2_001.fastq	CAN101	ATGATGAGCCTC	GAGGCTCATCAT	Antarctica_Canada
62	62_S3_L001_R1_001.fastq	62_S3_L001_R2_001.fastq	CAN111	GTCGACAGAGGA	TCCTCTGTCGAC	Antarctica_Canada
63	63_S4_L001_R1_001.fastq	63_S4_L001_R2_001.fastq	COM55	TGTCGCAAATAG	CTATTTGCGACA	Antarctica_Commonwealth
64	64_S5_L001_R1_001.fastq	64_S5_L001_R2_001.fastq	COM57	CATCCCTCTACT	AGTAGAGGGATG	Antarctica_Commonwealth
65	65_S6_L001_R1_001.fastq	65_S6_L001_R2_001.fastq	COM80	TATACCGCTGCG	CGCAGCGGTATA	Antarctica_Commonwealth
66	66_S7_L001_R1_001.fastq	66_S7_L001_R2_001.fastq	Gr E8	AGTTGAGGCATT	AATGCCTCAACT	Greenland
67	67_S8_L001_R1_001.fastq	67_S8_L001_R2_001.fastq	Gr C11	ACGCGAACTAAT	ATTAGTTCGCGT	Greenland
68	68_S9_L001_R1_001.fastq	68_S9_L001_R2_001.fastq	Gr C8	AGCTATGTATGG	CCATACATAGCT	Greenland
69	69_S10_L001_R1_001.fastq	69_S10_L001_R2_001.fastq	Sweden X/SX	ACGGGTCATCAT	ATGATGACCCGT	Sweden
70	70_S11_L001_R1_001.fastq	70_S11_L001_R2_001.fastq	Sweden Y/SY	GAAACATCCCAC	GTGGGATGTTTC	Sweden
71	71_S12_L001_R1_001.fastq	71_S12_L001_R2_001.fastq	Sweden Z/SZ	CGTACTCTCGAG	CTCGAGAGTACG	Sweden
72	72_S13_L001_R1_001.fastq	72_S13_L001_R2_001.fastq	SvA	TCAGTTCTCGTT	AACGAGAACTGA	Svalbard
73	73_S14_L001_R1_001.fastq	73_S14_L001_R2_001.fastq	SvB	TCGTGCGTGTTG	CAACACGCACGA	Svalbard
74	74_S15_L001_R1_001.fastq	74_S15_L001_R2_001.fastq	SvC	GTTATCGCATGG	CCATGCGATAAC	Svalbard
75	75_S16_L001_R1_001.fastq	75_S16_L001_R2_001.fastq	TAY13	GATCACGAGAGG	CCTCTCGTGATC	Antarctica_Taylor
76	76_S17_L001_R1_001.fastq	76_S17_L001_R2_001.fastq	TAY18	GTAAATTCAGGC	GCCTGAATTTAC	Antarctica_Taylor
77	77_S18_L001_R1_001.fastq	77_S18_L001_R2_001.fastq	TAY19	AGTGTTTCGGAC	GTCCGAAACACT	Antarctica_Taylor
78	78_S19_L001_R1_001.fastq	78_S19_L001_R2_001.fastq	CAN47	ACACGCGGTTTA	TAAACCGCGTGT	Antarctica_Canada
79	79_S20_L001_R1_001.fastq	79_S20_L001_R2_001.fastq	CAN61	TGGCAAATCTAG	CTAGATTTGCCA	Antarctica_Canada
80	80_S21_L001_R1_001.fastq	80_S21_L001_R2_001.fastq	CAN64	CACCTTACCTTA	TAAGGTAAGGTG	Antarctica_Canada
81	81_S22_L001_R1_001.fastq	81_S22_L001_R2_001.fastq	CAN75	CGTGACAATAGT	ACTATTGTCACG	Antarctica_Canada
82	82_S23_L001_R1_001.fastq	82_S23_L001_R2_001.fastq	CAN87	TTAAGACAGTCG	CGACTGTCTTAA	Antarctica_Canada
83	83_S24_L001_R1_001.fastq	83_S24_L001_R2_001.fastq	CAN102	CACTGGTGCATA	TATGCACCAGTG	Antarctica_Canada
84	84_S25_L001_R1_001.fastq	84_S25_L001_R2_001.fastq	DGC2	AACGTAGGCTCT	AGAGCCTACGTT	Antarctica_Diamond
85	85_S26_L001_R1_001.fastq	85_S26_L001_R2_001.fastq	DGC3	AGTTGTAGTCCG	CGGACTACAACT	Antarctica_Diamond
86	86_S27_L001_R1_001.fastq	86_S27_L001_R2_001.fastq	IM1	TCGTCAAACCCG	CGGGTTTGACGA	Margin
87	87_S28_L001_R1_001.fastq	87_S28_L001_R2_001.fastq	IM2	TAATCGGTGCCA	TGGCACCGATTA	Margin
88	88_S29_L001_R1_001.fastq	88_S29_L001_R2_001.fastq	IM3	TTGATCCGGTAG	CTACCGGATCAA	Margin
89	89_S30_L001_R1_001.fastq	89_S30_L001_R2_001.fastq	IM4	CGGGTGTTTGCT	AGCAAACACCCG	Margin
90	90_S31_L001_R1_001.fastq	90_S31_L001_R2_001.fastq	COM54	TTGACCGCGGTT	AACCGCGGTCAA	Antarctica_Commonwealth
91	91_S32_L001_R1_001.fastq	91_S32_L001_R2_001.fastq	COM58	GTTTGGCCACAC	GTGTGGCCAAAC	Antarctica_Commonwealth
92	92_S33_L001_R1_001.fastq	92_S33_L001_R2_001.fastq	COM62	TCAGGTTGCCCA	TGGGCAACCTGA	Antarctica_Commonwealth
93	93_S34_L001_R1_001.fastq	93_S34_L001_R2_001.fastq	COM65	TCATTCCACTCA	TGAGTGGAATGA	Antarctica_Commonwealth
94	94_S35_L001_R1_001.fastq	94_S35_L001_R2_001.fastq	COM7	GTCACATCACGA	TCGTGATGTGAC	Antarctica_Commonwealth
95	95_S36_L001_R1_001.fastq	95_S36_L001_R2_001.fastq	COM81	CGACATTTCTCT	AGAGAAATGTCG	Antarctica_Commonwealth
96	96_S37_L001_R1_001.fastq	96_S37_L001_R2_001.fastq	TAY29	GGACGTTAACTA	TAGTTAACGTCC	Antarctica_Taylor
97	97_S38_L001_R1_001.fastq	97_S38_L001_R2_001.fastq	TAY38	TAGCAGTTGCGT	ACGCAACTGCTA	Antarctica_Taylor
98	98_S39_L001_R1_001.fastq	98_S39_L001_R2_001.fastq	TAY40	CACGCTATTGGA	TCCAATAGCGTG	Antarctica_Taylor
99	99_S40_L001_R1_001.fastq	99_S40_L001_R2_001.fastq	TAY42	AACTTCACTTCC	GGAAGTGAAGTT	Antarctica_Taylor